mmsi,vessel_name,vessel_type,timestamp,lat,lon,sog,cog
419000123,MV KALPANA CHAWLA,80,2024-11-14T00:51:00Z,12.72119,74.32113,13.2,51.3
636012345,MT POSEIDON STAR,81,2024-11-14T00:51:00Z,14.11926,76.92196,14.0,315.5
345678901,MT OCEAN PIONEER,70,2024-11-14T00:51:00Z,15.02052,75.11964,9.6,110.8
419000123,MV KALPANA CHAWLA,80,2024-11-14T01:01:00Z,12.74358,74.34725,13.4,49.2
636012345,MT POSEIDON STAR,81,2024-11-14T01:01:00Z,14.15045,76.89267,14.3,318.3
345678901,MT OCEAN PIONEER,70,2024-11-14T01:01:00Z,15.00914,75.14628,9.0,113.6
419000123,MV KALPANA CHAWLA,80,2024-11-14T01:11:00Z,12.76933,74.37741,13.0,48.1
636012345,MT POSEIDON STAR,81,2024-11-14T01:11:00Z,14.1792,76.86739,13.8,317.9
345678901,MT OCEAN PIONEER,70,2024-11-14T01:11:00Z,15.00091,75.17181,9.3,110.3
419000123,MV KALPANA CHAWLA,80,2024-11-14T01:21:00Z,12.79321,74.40679,12.9,47.7
636012345,MT POSEIDON STAR,81,2024-11-14T01:21:00Z,14.20511,76.84256,14.0,320.0
345678901,MT OCEAN PIONEER,70,2024-11-14T01:21:00Z,14.98973,75.19487,9.6,113.5
419000123,MV KALPANA CHAWLA,80,2024-11-14T01:31:00Z,12.81533,74.43258,13.7,48.2
636012345,MT POSEIDON STAR,81,2024-11-14T01:31:00Z,14.23525,76.81622,13.6,322.1
345678901,MT OCEAN PIONEER,70,2024-11-14T01:31:00Z,14.9794,75.22223,9.6,112.9
419000123,MV KALPANA CHAWLA,80,2024-11-14T01:41:00Z,12.8407,74.46083,13.5,52.3
636012345,MT POSEIDON STAR,81,2024-11-14T01:41:00Z,14.26417,76.79123,13.4,320.4
345678901,MT OCEAN PIONEER,70,2024-11-14T01:41:00Z,14.97063,75.24817,9.4,111.3
419000123,MV KALPANA CHAWLA,80,2024-11-14T01:51:00Z,12.86488,74.49021,13.6,50.3
636012345,MT POSEIDON STAR,81,2024-11-14T01:51:00Z,14.29181,76.76268,14.6,320.2
345678901,MT OCEAN PIONEER,70,2024-11-14T01:51:00Z,14.95955,75.27514,9.5,110.1
419000123,MV KALPANA CHAWLA,80,2024-11-14T02:01:00Z,12.88779,74.51687,13.1,45.6
636012345,MT POSEIDON STAR,81,2024-11-14T02:01:00Z,14.32235,76.73631,14.0,318.4
345678901,MT OCEAN PIONEER,70,2024-11-14T02:01:00Z,14.94832,75.29692,9.7,109.5
419000123,MV KALPANA CHAWLA,80,2024-11-14T02:11:00Z,12.91431,74.54594,12.6,46.9
636012345,MT POSEIDON STAR,81,2024-11-14T02:11:00Z,14.35187,76.70964,14.1,316.2
345678901,MT OCEAN PIONEER,70,2024-11-14T02:11:00Z,14.93779,75.32247,9.3,113.3
419000123,MV KALPANA CHAWLA,80,2024-11-14T02:21:00Z,12.936,74.5729,12.7,46.6
636012345,MT POSEIDON STAR,81,2024-11-14T02:21:00Z,14.38005,76.68419,14.4,321.8
345678901,MT OCEAN PIONEER,70,2024-11-14T02:21:00Z,14.92754,75.34813,9.6,111.5
419000123,MV KALPANA CHAWLA,80,2024-11-14T02:31:00Z,12.96228,74.60259,13.1,48.9
636012345,MT POSEIDON STAR,81,2024-11-14T02:31:00Z,14.40806,76.65679,13.6,320.6
345678901,MT OCEAN PIONEER,70,2024-11-14T02:31:00Z,14.91911,75.37605,9.6,109.6
419000123,MV KALPANA CHAWLA,80,2024-11-14T02:41:00Z,12.98575,74.63098,13.0,50.9
636012345,MT POSEIDON STAR,81,2024-11-14T02:41:00Z,14.43921,76.62982,13.9,317.4
345678901,MT OCEAN PIONEER,70,2024-11-14T02:41:00Z,14.90838,75.40124,9.4,109.3
419000123,MV KALPANA CHAWLA,80,2024-11-14T02:51:00Z,13.00919,74.65938,13.2,49.6
636012345,MT POSEIDON STAR,81,2024-11-14T02:51:00Z,14.466,76.60496,14.2,317.4
345678901,MT OCEAN PIONEER,70,2024-11-14T02:51:00Z,14.89943,75.42576,9.5,112.2
419000123,MV KALPANA CHAWLA,80,2024-11-14T03:01:00Z,13.03527,74.68624,13.0,47.3
636012345,MT POSEIDON STAR,81,2024-11-14T03:01:00Z,14.49615,76.57678,14.1,318.1
345678901,MT OCEAN PIONEER,70,2024-11-14T03:01:00Z,14.88919,75.45187,9.5,113.6
419000123,MV KALPANA CHAWLA,80,2024-11-14T03:11:00Z,13.05798,74.71434,12.5,52.2
636012345,MT POSEIDON STAR,81,2024-11-14T03:11:00Z,14.5226,76.54984,13.9,321.7
345678901,MT OCEAN PIONEER,70,2024-11-14T03:11:00Z,14.88013,75.47843,9.8,110.0
419000123,MV KALPANA CHAWLA,80,2024-11-14T03:21:00Z,13.08137,74.74209,12.9,44.6
636012345,MT POSEIDON STAR,81,2024-11-14T03:21:00Z,14.55254,76.52587,14.1,315.2
345678901,MT OCEAN PIONEER,70,2024-11-14T03:21:00Z,14.87156,75.50127,9.5,110.8
419000123,MV KALPANA CHAWLA,80,2024-11-14T03:31:00Z,13.10641,74.7705,13.4,48.4
636012345,MT POSEIDON STAR,81,2024-11-14T03:31:00Z,14.5816,76.49788,13.5,318.0
345678901,MT OCEAN PIONEER,70,2024-11-14T03:31:00Z,14.85927,75.52832,9.2,112.7
419000123,MV KALPANA CHAWLA,80,2024-11-14T03:41:00Z,13.13034,74.80004,13.7,46.7
636012345,MT POSEIDON STAR,81,2024-11-14T03:41:00Z,14.61201,76.47216,14.2,318.7
345678901,MT OCEAN PIONEER,70,2024-11-14T03:41:00Z,14.84801,75.55301,9.2,110.8
419000123,MV KALPANA CHAWLA,80,2024-11-14T03:51:00Z,13.15396,74.82883,12.6,50.8
636012345,MT POSEIDON STAR,81,2024-11-14T03:51:00Z,14.63848,76.44518,13.5,321.8
345678901,MT OCEAN PIONEER,70,2024-11-14T03:51:00Z,14.83686,75.57879,9.4,113.7
419000123,MV KALPANA CHAWLA,80,2024-11-14T04:01:00Z,13.1779,74.85583,13.1,50.7
636012345,MT POSEIDON STAR,81,2024-11-14T04:01:00Z,14.66783,76.41882,14.0,320.8
345678901,MT OCEAN PIONEER,70,2024-11-14T04:01:00Z,14.82617,75.60246,9.4,114.9
419000123,MV KALPANA CHAWLA,80,2024-11-14T04:11:00Z,13.20267,74.88509,13.4,46.9
636012345,MT POSEIDON STAR,81,2024-11-14T04:11:00Z,14.69642,76.39112,14.3,316.9
345678901,MT OCEAN PIONEER,70,2024-11-14T04:11:00Z,14.81638,75.63197,9.7,109.9
419000123,MV KALPANA CHAWLA,80,2024-11-14T04:21:00Z,13.22755,74.91531,13.0,48.0
636012345,MT POSEIDON STAR,81,2024-11-14T04:21:00Z,14.72424,76.36621,13.7,317.6
345678901,MT OCEAN PIONEER,70,2024-11-14T04:21:00Z,14.80594,75.6553,9.2,117.0
419000123,MV KALPANA CHAWLA,80,2024-11-14T04:31:00Z,13.25147,74.94018,12.7,45.6
636012345,MT POSEIDON STAR,81,2024-11-14T04:31:00Z,14.75498,76.3417,13.8,320.7
345678901,MT OCEAN PIONEER,70,2024-11-14T04:31:00Z,14.79561,75.68117,10.0,112.0
419000123,MV KALPANA CHAWLA,80,2024-11-14T04:41:00Z,13.27481,74.96835,12.4,52.6
636012345,MT POSEIDON STAR,81,2024-11-14T04:41:00Z,14.78375,76.31163,13.8,317.0
345678901,MT OCEAN PIONEER,70,2024-11-14T04:41:00Z,14.78544,75.70565,9.7,114.0
419000123,MV KALPANA CHAWLA,80,2024-11-14T04:51:00Z,13.29663,74.99584,13.1,47.9
636012345,MT POSEIDON STAR,81,2024-11-14T04:51:00Z,14.81171,76.28652,13.6,318.7
345678901,MT OCEAN PIONEER,70,2024-11-14T04:51:00Z,14.77632,75.72995,9.6,110.9
419000123,MV KALPANA CHAWLA,80,2024-11-14T05:01:00Z,13.32309,75.02297,12.9,47.7
636012345,MT POSEIDON STAR,81,2024-11-14T05:01:00Z,14.84139,76.26086,13.4,316.2
345678901,MT OCEAN PIONEER,70,2024-11-14T05:01:00Z,14.7639,75.75608,9.2,113.4
419000123,MV KALPANA CHAWLA,80,2024-11-14T05:11:00Z,13.34718,75.05222,12.8,49.0
636012345,MT POSEIDON STAR,81,2024-11-14T05:11:00Z,14.86914,76.2332,14.0,320.0
345678901,MT OCEAN PIONEER,70,2024-11-14T05:11:00Z,14.75786,75.78407,9.4,111.3
419000123,MV KALPANA CHAWLA,80,2024-11-14T05:21:00Z,13.37356,75.08015,13.1,50.4
636012345,MT POSEIDON STAR,81,2024-11-14T05:21:00Z,14.89806,76.20788,13.9,320.8
345678901,MT OCEAN PIONEER,70,2024-11-14T05:21:00Z,14.74643,75.80871,9.5,111.9
419000123,MV KALPANA CHAWLA,80,2024-11-14T05:31:00Z,13.39668,75.11086,13.3,46.9
636012345,MT POSEIDON STAR,81,2024-11-14T05:31:00Z,14.9277,76.17968,14.1,318.8
345678901,MT OCEAN PIONEER,70,2024-11-14T05:31:00Z,14.73778,75.83297,9.4,112.4
419000123,MV KALPANA CHAWLA,80,2024-11-14T05:41:00Z,13.41896,75.13596,13.4,50.9
636012345,MT POSEIDON STAR,81,2024-11-14T05:41:00Z,14.95618,76.15472,13.7,316.9
345678901,MT OCEAN PIONEER,70,2024-11-14T05:41:00Z,14.72598,75.85748,9.5,109.9
419000123,MV KALPANA CHAWLA,80,2024-11-14T05:51:00Z,13.44227,75.16473,13.1,48.1
636012345,MT POSEIDON STAR,81,2024-11-14T05:51:00Z,14.98477,76.12756,14.3,318.5
345678901,MT OCEAN PIONEER,70,2024-11-14T05:51:00Z,14.71495,75.88581,9.8,112.0
419000123,MV KALPANA CHAWLA,80,2024-11-14T06:01:00Z,13.46799,75.19347,13.7,46.3
636012345,MT POSEIDON STAR,81,2024-11-14T06:01:00Z,15.01383,76.10231,13.8,319.9
345678901,MT OCEAN PIONEER,70,2024-11-14T06:01:00Z,14.70412,75.90906,9.9,111.1
419000123,MV KALPANA CHAWLA,80,2024-11-14T06:11:00Z,13.49262,75.22068,13.7,49.6
636012345,MT POSEIDON STAR,81,2024-11-14T06:11:00Z,15.04317,76.07413,13.9,313.7
345678901,MT OCEAN PIONEER,70,2024-11-14T06:11:00Z,14.69633,75.93343,9.5,115.7
419000123,MV KALPANA CHAWLA,80,2024-11-14T06:21:00Z,13.51671,75.24943,13.0,48.2
636012345,MT POSEIDON STAR,81,2024-11-14T06:21:00Z,15.07192,76.04794,13.9,317.0
345678901,MT OCEAN PIONEER,70,2024-11-14T06:21:00Z,14.6827,75.96142,9.0,112.0
419000123,MV KALPANA CHAWLA,80,2024-11-14T06:31:00Z,13.54055,75.276,13.4,49.7
636012345,MT POSEIDON STAR,81,2024-11-14T06:31:00Z,15.09958,76.02121,13.2,315.4
345678901,MT OCEAN PIONEER,70,2024-11-14T06:31:00Z,14.67436,75.98649,8.6,108.4
419000123,MV KALPANA CHAWLA,80,2024-11-14T06:41:00Z,13.5638,75.3056,13.3,46.6
636012345,MT POSEIDON STAR,81,2024-11-14T06:41:00Z,15.13026,75.99495,13.7,319.9
345678901,MT OCEAN PIONEER,70,2024-11-14T06:41:00Z,14.6638,76.01113,9.3,111.8
419000123,MV KALPANA CHAWLA,80,2024-11-14T06:51:00Z,13.58897,75.33519,13.1,46.8
636012345,MT POSEIDON STAR,81,2024-11-14T06:51:00Z,15.15855,75.96873,14.0,318.8
345678901,MT OCEAN PIONEER,70,2024-11-14T06:51:00Z,14.653,76.03612,9.3,112.7
419000123,MV KALPANA CHAWLA,80,2024-11-14T07:01:00Z,13.61155,75.36514,12.9,46.4
636012345,MT POSEIDON STAR,81,2024-11-14T07:01:00Z,15.1869,75.94512,13.6,316.0
345678901,MT OCEAN PIONEER,70,2024-11-14T07:01:00Z,14.6446,76.06339,9.4,111.6
419000123,MV KALPANA CHAWLA,80,2024-11-14T07:11:00Z,13.6364,75.3902,13.2,49.9
636012345,MT POSEIDON STAR,81,2024-11-14T07:11:00Z,15.2165,75.91645,13.8,320.8
345678901,MT OCEAN PIONEER,70,2024-11-14T07:11:00Z,14.63389,76.08709,9.6,109.1
419000123,MV KALPANA CHAWLA,80,2024-11-14T07:21:00Z,13.66041,75.41802,13.1,48.9
636012345,MT POSEIDON STAR,81,2024-11-14T07:21:00Z,15.24381,75.89211,13.9,322.6
345678901,MT OCEAN PIONEER,70,2024-11-14T07:21:00Z,14.62404,76.1119,9.3,109.0
419000123,MV KALPANA CHAWLA,80,2024-11-14T07:31:00Z,13.68465,75.44601,13.6,45.9
636012345,MT POSEIDON STAR,81,2024-11-14T07:31:00Z,15.27433,75.86373,13.5,318.7
345678901,MT OCEAN PIONEER,70,2024-11-14T07:31:00Z,14.61466,76.13811,5.6,112.7
419000123,MV KALPANA CHAWLA,80,2024-11-14T07:41:00Z,13.70993,75.47499,13.0,46.9
636012345,MT POSEIDON STAR,81,2024-11-14T07:41:00Z,15.30267,75.83652,14.2,314.1
345678901,MT OCEAN PIONEER,70,2024-11-14T07:41:00Z,14.60162,76.1626,0.1,113.1
419000123,MV KALPANA CHAWLA,80,2024-11-14T07:51:00Z,13.73496,75.50454,12.8,47.1
345678901,MT OCEAN PIONEER,70,2024-11-14T07:51:00Z,14.59161,76.18954,8.1,113.8
419000123,MV KALPANA CHAWLA,80,2024-11-14T08:01:00Z,13.75789,75.52918,13.2,48.9
345678901,MT OCEAN PIONEER,70,2024-11-14T08:01:00Z,14.58362,76.21547,9.9,111.9
419000123,MV KALPANA CHAWLA,80,2024-11-14T08:11:00Z,13.78067,75.55953,12.6,48.8
345678901,MT OCEAN PIONEER,70,2024-11-14T08:11:00Z,14.5723,76.23862,9.9,109.1
419000123,MV KALPANA CHAWLA,80,2024-11-14T08:21:00Z,13.8044,75.58467,13.4,49.3
345678901,MT OCEAN PIONEER,70,2024-11-14T08:21:00Z,14.56326,76.26465,9.4,115.1
419000123,MV KALPANA CHAWLA,80,2024-11-14T08:31:00Z,13.8288,75.61705,13.1,49.4
345678901,MT OCEAN PIONEER,70,2024-11-14T08:31:00Z,14.55258,76.28881,9.7,112.4
419000123,MV KALPANA CHAWLA,80,2024-11-14T08:41:00Z,13.85298,75.64384,13.1,49.6
345678901,MT OCEAN PIONEER,70,2024-11-14T08:41:00Z,14.54076,76.31462,10.1,112.2
419000123,MV KALPANA CHAWLA,80,2024-11-14T08:51:00Z,13.87905,75.67114,13.4,46.2
345678901,MT OCEAN PIONEER,70,2024-11-14T08:51:00Z,14.5317,76.34188,9.2,109.2
419000123,MV KALPANA CHAWLA,80,2024-11-14T09:01:00Z,13.90583,75.70097,13.5,43.6
345678901,MT OCEAN PIONEER,70,2024-11-14T09:01:00Z,14.5205,76.36767,9.7,111.9
419000123,MV KALPANA CHAWLA,80,2024-11-14T09:11:00Z,13.92807,75.72705,13.3,50.1
345678901,MT OCEAN PIONEER,70,2024-11-14T09:11:00Z,14.51201,76.39176,9.5,113.0
419000123,MV KALPANA CHAWLA,80,2024-11-14T09:21:00Z,13.95068,75.75704,13.4,48.8
345678901,MT OCEAN PIONEER,70,2024-11-14T09:21:00Z,14.50034,76.41774,9.6,111.0
419000123,MV KALPANA CHAWLA,80,2024-11-14T09:31:00Z,13.97535,75.78412,13.2,45.9
345678901,MT OCEAN PIONEER,70,2024-11-14T09:31:00Z,14.49321,76.44439,9.4,111.2
419000123,MV KALPANA CHAWLA,80,2024-11-14T09:41:00Z,13.99646,75.8135,13.5,48.0
345678901,MT OCEAN PIONEER,70,2024-11-14T09:41:00Z,14.48173,76.46857,9.4,112.6
419000123,MV KALPANA CHAWLA,80,2024-11-14T09:51:00Z,14.02269,75.8399,12.9,53.1
345678901,MT OCEAN PIONEER,70,2024-11-14T09:51:00Z,14.47108,76.49443,9.8,108.2
419000123,MV KALPANA CHAWLA,80,2024-11-14T10:01:00Z,14.04582,75.86801,13.1,47.4
345678901,MT OCEAN PIONEER,70,2024-11-14T10:01:00Z,14.46065,76.51919,9.3,112.9
419000123,MV KALPANA CHAWLA,80,2024-11-14T10:11:00Z,14.07002,75.89615,13.2,47.2
345678901,MT OCEAN PIONEER,70,2024-11-14T10:11:00Z,14.44952,76.5444,9.4,112.9
419000123,MV KALPANA CHAWLA,80,2024-11-14T10:21:00Z,14.09556,75.92479,13.3,50.6
345678901,MT OCEAN PIONEER,70,2024-11-14T10:21:00Z,14.44094,76.57003,9.3,113.7
419000123,MV KALPANA CHAWLA,80,2024-11-14T10:31:00Z,14.11895,75.95237,13.6,51.0
345678901,MT OCEAN PIONEER,70,2024-11-14T10:31:00Z,14.4305,76.59731,8.8,109.4
419000123,MV KALPANA CHAWLA,80,2024-11-14T10:41:00Z,14.14343,75.98251,12.9,46.7
345678901,MT OCEAN PIONEER,70,2024-11-14T10:41:00Z,14.41945,76.6241,9.5,110.9
419000123,MV KALPANA CHAWLA,80,2024-11-14T10:51:00Z,14.16646,76.00869,13.3,47.6
345678901,MT OCEAN PIONEER,70,2024-11-14T10:51:00Z,14.40866,76.64626,9.6,111.6
419000123,MV KALPANA CHAWLA,80,2024-11-14T11:01:00Z,14.19148,76.03672,12.8,49.9
345678901,MT OCEAN PIONEER,70,2024-11-14T11:01:00Z,14.39896,76.67158,9.8,111.3
419000123,MV KALPANA CHAWLA,80,2024-11-14T11:11:00Z,14.21548,76.06641,13.1,47.3
345678901,MT OCEAN PIONEER,70,2024-11-14T11:11:00Z,14.39012,76.69644,9.3,114.5
419000123,MV KALPANA CHAWLA,80,2024-11-14T11:21:00Z,14.2364,76.09465,13.2,48.1
345678901,MT OCEAN PIONEER,70,2024-11-14T11:21:00Z,14.37844,76.72213,9.5,109.3
419000123,MV KALPANA CHAWLA,80,2024-11-14T11:31:00Z,14.26417,76.12262,13.7,46.4
345678901,MT OCEAN PIONEER,70,2024-11-14T11:31:00Z,14.3701,76.74741,9.9,110.6
419000123,MV KALPANA CHAWLA,80,2024-11-14T11:41:00Z,14.28881,76.14933,10.6,51.3
345678901,MT OCEAN PIONEER,70,2024-11-14T11:41:00Z,14.3588,76.77504,9.2,110.6
419000123,MV KALPANA CHAWLA,80,2024-11-14T11:51:00Z,14.31183,76.17682,0.5,47.9
345678901,MT OCEAN PIONEER,70,2024-11-14T11:51:00Z,14.34972,76.79991,9.6,111.0
419000123,MV KALPANA CHAWLA,80,2024-11-14T12:01:00Z,14.33669,76.2055,6.4,44.1
345678901,MT OCEAN PIONEER,70,2024-11-14T12:01:00Z,14.33968,76.82581,10.0,111.8
419000123,MV KALPANA CHAWLA,80,2024-11-14T12:11:00Z,14.36079,76.23478,13.4,49.7
345678901,MT OCEAN PIONEER,70,2024-11-14T12:11:00Z,14.33028,76.84935,9.6,115.9
345678901,MT OCEAN PIONEER,70,2024-11-14T12:21:00Z,14.3167,76.87596,9.6,110.4
345678901,MT OCEAN PIONEER,70,2024-11-14T12:31:00Z,14.31025,76.90289,10.1,116.2
345678901,MT OCEAN PIONEER,70,2024-11-14T12:41:00Z,14.29918,76.92538,10.4,111.5
345678901,MT OCEAN PIONEER,70,2024-11-14T12:51:00Z,14.2883,76.95115,9.6,111.9
345678901,MT OCEAN PIONEER,70,2024-11-14T13:01:00Z,14.27673,76.97723,9.4,109.6
419000123,MV KALPANA CHAWLA,80,2024-11-14T13:11:00Z,14.50446,76.40361,13.6,48.2
345678901,MT OCEAN PIONEER,70,2024-11-14T13:11:00Z,14.26603,77.00197,9.7,111.9
419000123,MV KALPANA CHAWLA,80,2024-11-14T13:21:00Z,14.52879,76.43079,13.1,45.6
345678901,MT OCEAN PIONEER,70,2024-11-14T13:21:00Z,14.25749,77.02857,9.9,110.5
419000123,MV KALPANA CHAWLA,80,2024-11-14T13:31:00Z,14.55329,76.45958,13.7,50.0
345678901,MT OCEAN PIONEER,70,2024-11-14T13:31:00Z,14.2479,77.05342,10.1,113.6
419000123,MV KALPANA CHAWLA,80,2024-11-14T13:41:00Z,14.57857,76.48694,13.3,45.8
345678901,MT OCEAN PIONEER,70,2024-11-14T13:41:00Z,14.23783,77.07875,9.5,112.8
419000123,MV KALPANA CHAWLA,80,2024-11-14T13:51:00Z,14.60196,76.51621,12.9,52.1
345678901,MT OCEAN PIONEER,70,2024-11-14T13:51:00Z,14.22775,77.10436,9.5,112.2
419000123,MV KALPANA CHAWLA,80,2024-11-14T14:01:00Z,14.62634,76.54203,13.3,47.3
419000123,MV KALPANA CHAWLA,80,2024-11-14T14:11:00Z,14.64989,76.57254,13.2,44.0
419000123,MV KALPANA CHAWLA,80,2024-11-14T14:21:00Z,14.67285,76.60098,13.5,51.9
419000123,MV KALPANA CHAWLA,80,2024-11-14T14:31:00Z,14.69993,76.62629,13.3,44.3
419000123,MV KALPANA CHAWLA,80,2024-11-14T14:41:00Z,14.72386,76.65674,12.8,52.1
419000123,MV KALPANA CHAWLA,80,2024-11-14T14:51:00Z,14.74701,76.68273,13.2,46.6
419000123,MV KALPANA CHAWLA,80,2024-11-14T15:01:00Z,14.77059,76.7123,13.5,45.3
419000123,MV KALPANA CHAWLA,80,2024-11-14T15:11:00Z,14.79492,76.74271,12.9,48.5
419000123,MV KALPANA CHAWLA,80,2024-11-14T15:21:00Z,14.81892,76.76835,13.3,48.3
419000123,MV KALPANA CHAWLA,80,2024-11-14T15:31:00Z,14.84189,76.79894,13.4,47.8
419000123,MV KALPANA CHAWLA,80,2024-11-14T15:41:00Z,14.86632,76.82453,13.5,47.8
419000123,MV KALPANA CHAWLA,80,2024-11-14T15:51:00Z,14.89153,76.85327,13.3,47.9
419000123,MV KALPANA CHAWLA,80,2024-11-14T16:01:00Z,14.91596,76.88141,13.4,49.4
419000123,MV KALPANA CHAWLA,80,2024-11-14T16:11:00Z,14.93919,76.90887,12.8,46.6
419000123,MV KALPANA CHAWLA,80,2024-11-14T16:21:00Z,14.96245,76.93873,13.1,51.2
419000123,MV KALPANA CHAWLA,80,2024-11-14T16:31:00Z,14.98983,76.96603,12.7,47.3
419000123,MV KALPANA CHAWLA,80,2024-11-14T16:41:00Z,15.01159,76.99266,13.0,48.7
419000123,MV KALPANA CHAWLA,80,2024-11-14T16:51:00Z,15.03533,77.02152,12.9,51.7
419000123,MV KALPANA CHAWLA,80,2024-11-14T17:01:00Z,15.05974,77.04959,13.0,50.0
419000123,MV KALPANA CHAWLA,80,2024-11-14T17:11:00Z,15.08334,77.07904,13.3,49.6
419000123,MV KALPANA CHAWLA,80,2024-11-14T17:21:00Z,15.10954,77.10615,13.5,46.5
419000123,MV KALPANA CHAWLA,80,2024-11-14T17:31:00Z,15.13186,77.13603,13.4,48.1
419000123,MV KALPANA CHAWLA,80,2024-11-14T17:41:00Z,15.15519,77.16354,12.9,46.2
419000123,MV KALPANA CHAWLA,80,2024-11-14T17:51:00Z,15.17985,77.19136,12.5,48.8
419000123,MV KALPANA CHAWLA,80,2024-11-14T18:01:00Z,15.20479,77.21867,13.4,49.3
419000123,MV KALPANA CHAWLA,80,2024-11-14T18:11:00Z,15.22813,77.24672,13.3,45.1
419000123,MV KALPANA CHAWLA,80,2024-11-14T18:21:00Z,15.25252,77.2749,13.1,48.5
419000123,MV KALPANA CHAWLA,80,2024-11-14T18:31:00Z,15.27701,77.3048,13.2,47.5
419000123,MV KALPANA CHAWLA,80,2024-11-14T18:41:00Z,15.29988,77.33253,13.3,51.0
419000123,MV KALPANA CHAWLA,80,2024-11-14T18:51:00Z,15.32446,77.35997,13.1,47.9
419000123,MV KALPANA CHAWLA,80,2024-11-14T19:01:00Z,15.34934,77.38637,13.4,49.4
419000123,MV KALPANA CHAWLA,80,2024-11-14T19:11:00Z,15.37458,77.41847,13.0,48.0
419000123,MV KALPANA CHAWLA,80,2024-11-14T19:21:00Z,15.39757,77.4463,12.6,49.1
419000123,MV KALPANA CHAWLA,80,2024-11-14T19:31:00Z,15.42021,77.46992,12.5,45.3
419000123,MV KALPANA CHAWLA,80,2024-11-14T19:41:00Z,15.44687,77.49977,13.0,45.8
419000123,MV KALPANA CHAWLA,80,2024-11-14T19:51:00Z,15.47053,77.52767,13.5,46.1
419000123,MV KALPANA CHAWLA,80,2024-11-14T20:01:00Z,15.49327,77.55704,13.1,50.9
419000123,MV KALPANA CHAWLA,80,2024-11-14T20:11:00Z,15.51828,77.58384,12.9,47.0
419000123,MV KALPANA CHAWLA,80,2024-11-14T20:21:00Z,15.543,77.61357,13.1,49.8
419000123,MV KALPANA CHAWLA,80,2024-11-14T20:31:00Z,15.56587,77.64119,13.2,51.2
419000123,MV KALPANA CHAWLA,80,2024-11-14T20:41:00Z,15.59042,77.66912,12.8,49.5
419000123,MV KALPANA CHAWLA,80,2024-11-14T20:51:00Z,15.61404,77.69795,12.5,50.2
419000123,MV KALPANA CHAWLA,80,2024-11-14T21:01:00Z,15.63742,77.72497,13.4,45.4
419000123,MV KALPANA CHAWLA,80,2024-11-14T21:11:00Z,15.66279,77.75396,12.8,50.8
419000123,MV KALPANA CHAWLA,80,2024-11-14T21:21:00Z,15.68849,77.78005,12.7,49.7
419000123,MV KALPANA CHAWLA,80,2024-11-14T21:31:00Z,15.7098,77.80977,13.2,49.5
